<!DOCTYPE dialogs PUBLIC
  "-//Apache Software Foundation//DTD Shale Dialog Configuration 1.1//EN"
  "http://shale.apache.org/dtds/dialog-config_1_1.dtd">
<dialogs>

	<!-- Login Dialog to verify the login credentials -->
	<dialog name="login_dialog" start="login_verify">
		<action name="login_verify" method="#{login.loginVerify}">
			<transition outcome="success" target="login_success" />
			<transition outcome="failure" target="login_failure" />
			<transition outcome="invalid" target="invalid_user" />
		</action>
		<end name="login_success" viewId="/userslist_success.jsp"></end>
		<end name="login_failure" viewId="/login_page.jsp"></end>
		<end name="invalid_user" viewId="/home_page.jsp"></end>
	</dialog>

	<!-- Loading the registration page -->

	<dialog name="registration_page" start="registration_form">
		<end name="registration_form" viewId="/registration_form.jsp"></end>
	</dialog>

	<!-- Loading the home page -->

	<dialog name="home_page" start="home">
		<end name="home" viewId="/home_page.jsp"></end>
	</dialog>

	<!-- invoking register functionality -->

	<dialog name="Register" start="registration_action">
		<action name="registration_action" method="#{registrationform.addUser}">
			<transition outcome="success" target="success_message" />
			<transition outcome="failure" target="failure_message" />
			<transition outcome="invalid" target="invalid_message" />
		</action>
		<end name="success_message" viewId="/home_page.jsp" />
		<end name="invalid_message" viewId="/registration_form.jsp"></end>
		<end name="failure_message" viewId="/registration_form.jsp"></end>
	</dialog>

	<!-- Loading the employee summary page -->

	<dialog name="employee_list" start="employeelist_back_action">

		<action name="employeelist_back_action" method="#{employeeform.resetEmployeeDetails}">
			<transition outcome="success" target="employeesummary" />
		</action>

		<end name="employeesummary" viewId="/employees_summary.jsp"></end>
	</dialog>

	<!-- Loading the customer list page -->

	<dialog name="customer_list" start="customerlist_back_action">

		<action name="customerlist_back_action" method="#{employeeform.resetEmployeeDetails}">
			<transition outcome="success" target="customerlist" />
		</action>
		<end name="customerlist" viewId="/userslist_success.jsp"></end>
	</dialog>

	<!-- Invalidating the session and logging out -->

	<dialog name="logout" start="invalidate_session">
		<action name="invalidate_session" method="#{login.destroySession}">
			<transition outcome="success" target="logout_action" />
		</action>
		<end name="logout_action" viewId="/home_page.jsp" />
	</dialog>

	<!-- setting the user details to the edit page and displaying the edit form -->

	<dialog name="edit_dialog" start="edit_action">
		<action name="edit_action" method="#{registrationform.editMode(p)}">
			<transition outcome="success" target="edit_form" />
		</action>
		<end name="edit_form" viewId="/edit_user.jsp" />
	</dialog>
	<!-- Updating the user details -->

	<dialog name="updateuser" start="update">
		<action name="update" method="#{registrationform.updateCustomer}">
			<transition outcome="success" target="success_message" />
			<transition outcome="failure" target="failure_message" />
		</action>
		<end name="success_message" viewId="/userslist_success.jsp" />
		<end name="failure_message" viewId="/edit_user.jsp" />
	</dialog>

	<!-- deleting one or multiple customers -->

	<dialog name="delete_customers" start="delete">
		<action name="delete" method="#{registrationform.deleteSelectedCustomers}">
			<transition outcome="no_data" target="table_empty" />
			<transition outcome="success" target="user_list" />
			<transition outcome="not_selected_checkbox" target="user_list"></transition>
		</action>
		<end name="table_empty" viewId="/customer_table_empty.jsp"></end>
		<end name="user_list" viewId="/userslist_success.jsp"></end>
	</dialog>

	<!-- delete single customer -->

	<dialog name="delete_customer" start="delete">
		<action name="delete" method="#{registrationform.deleteCustomer(p)}">
			<transition outcome="no_data" target="table_empty" />
			<transition outcome="success" target="updated_table" />
		</action>
		<end name="table_empty" viewId="/customer_table_empty.jsp"></end>
		<end name="updated_table" viewId="/userslist_success.jsp"></end>
	</dialog>


	<!-- setting employee details that needs to be updated to edit form -->

	<dialog name="setEditEmployee" start="setData">
		<action name="setData" method="#{employeeform.setEmployee(t)}">
			<transition outcome="success" target="edit_form" />

		</action>

		<end name="edit_form" viewId="/edit_employee.jsp"></end>
	</dialog>

	<!-- Retrieving the promotion details -->

	<dialog name="promotion_history" start="promotion_details">

		<action name="promotion_details" method="#{employeesummary.retrievePromotionList(t)}">
			<transition outcome="success" target="employee_summary" />
		</action>
		<end name="employee_summary" viewId="/employees_summary.jsp"></end>
	</dialog>

	<!-- Loading the Employee enrollment page -->

	<dialog name="employee_enrollment_page" start="employee_enroll_page">

		<end name="employee_enroll_page" viewId="/employee_enrollment.jsp"></end>
	</dialog>

	<!-- Getting back to employee summary page from employee enrollment page 
		by resetting the employee details -->

	<dialog name="back_from_employee_enroll_page" start="back_action">
		<action name="back_action" method="#{employeeform.resetEmployeeDetails}">
			<transition outcome="success" target="employee_summary" />
		</action>

		<end name="employee_summary" viewId="/employees_summary.jsp"></end>
	</dialog>


	<!-- upload photo in employee enroll page -->

	<dialog name="upload_photo" start="upload_image">
		<action name="upload_image" method="#{employeeform.uploadFile}">
			<transition outcome="success" target="enroll_page" />

		</action>
		<end name="enroll_page" viewId="/employee_enrollment.jsp"></end>
	</dialog>

	<!-- Enrolling employee details -->

	<dialog name="enroll_employee" start="enroll">
		<action name="enroll" method="#{employeeform.enrollEmployee}">
			<transition outcome="success" target="enroll_page" />
			<transition outcome="failure" target="enroll_page" />


		</action>
		<end name="enroll_page" viewId="/employee_enrollment.jsp"></end>
	</dialog>

	<!-- Reset Employee details in new enrollment page -->

	<dialog name="reset_employee" start="reset">
		<action name="reset" method="#{employeeform.resetEmployeeDetails}">
			<transition outcome="success" target="enroll_page" />


		</action>

		<end name="enroll_page" viewId="/employee_enrollment.jsp"></end>
	</dialog>

	<!-- Changing the photo of Employee -->

	<dialog name="change_photo" start="change">
		<action name="change" method="#{employeeform.changeLinkToButton}">
			<transition outcome="success" target="enroll_page" />


		</action>
		<end name="enroll_page" viewId="/employee_enrollment.jsp"></end>
	</dialog>

	<!-- getting back to employee summary page from employeee edit form -->

	<dialog name="back_from_employee_edit_page" start="back_action">
		<action name="back_action" method="#{employeeform.resetEmployeeDetails}">
			<transition outcome="success" target="employee_summary" />
		</action>

		<end name="employee_summary" viewId="/employees_summary.jsp"></end>
	</dialog>

	<!-- update photo in employee edit form -->

	<dialog name="update_photo" start="upload_image">
		<action name="upload_image" method="#{employeeform.uploadFile}">
			<transition outcome="success" target="edit_form" />

		</action>
		<end name="edit_form" viewId="/edit_employee.jsp"></end>
	</dialog>

	<!-- invoking the employee update functionality -->

	<dialog name="update_employee" start="update">
		<action name="update" method="#{employeeform.updateEmployee}">
			<transition outcome="success" target="edit_form" />
			<transition outcome="failure" target="edit_form" />

		</action>

		<end name="edit_form" viewId="/edit_employee.jsp"></end>
	</dialog>

	<!-- Reset the employee edit form -->
	<dialog name="reset_employee_edit_form" start="reset">
		<action name="reset" method="#{employeeform.resetEditableEmployeeDetails}">
			<transition outcome="success" target="edit_form" />
			<!-- <transition outcome="failure" target="failure_message" /> -->

		</action>
		<end name="edit_form" viewId="/edit_employee.jsp"></end>
	</dialog>


</dialogs>