<!DOCTYPE dialogs PUBLIC
  "-//Apache Software Foundation//DTD Shale Dialog Configuration 1.1//EN"
  "http://shale.apache.org/dtds/dialog-config_1_1.dtd">
<dialogs>
	<dialog name="Registration_dialog" start="registration_action">
		<action name="registration_action" method="#{registrationform.addUser}">
			<transition outcome="success" target="success_message" />
			<transition outcome="failure" target="failure_message" />
			<transition outcome="invalid" target="invalid_message" />
		</action>
		<end name="success_message" viewId="/home_page.jsp" />
		<end name="invalid_message" viewId="/registration_form.jsp"></end>
		<end name="failure_message" viewId="/registration_form.jsp"></end>
	</dialog>
	<dialog name="login_dialog" start="login_verify">
		<action name="login_verify" method="#{login.loginVerify}">
			<transition outcome="success" target="login_success" />
			<transition outcome="failure" target="login_failure" />
			<transition outcome="invalid" target="invalid_user" />
		</action>
		<end name="login_success" viewId="/userslist_success.jsp"></end>
		<end name="login_failure" viewId="/login_page.jsp"></end>
		<end name="invalid_user" viewId="/home_page.jsp"></end>
	</dialog>
	<dialog name="login_page" start="login_form">
		<end name="login_form" viewId="/login_page.jsp"></end>
	</dialog>
	<dialog name="registration_page" start="registration_form">
		<end name="registration_form" viewId="/sample_header.jsp"></end>
	</dialog>
	<dialog name="home_page" start="home">
		<end name="home" viewId="/home_page.jsp"></end>
	</dialog>
	<dialog name="logout" start="invalidate_session">
		<action name="invalidate_session" method="#{login.destroySession}">
			<transition outcome="success" target="logout_action" />
		</action>
		<end name="logout_action" viewId="/home_page.jsp" />
	</dialog>
	<dialog name="Customers_List" start="load_data">
		<!-- <action name="load_data" method="#{registrationform.checkDataAvailability}"> 
			<transition outcome="success" target="successs_data" /> <transition outcome="no_data" 
			target="table_empty" /> </action> <end name="successs_data" viewId="/userslist_success.jsp"></end> 
			<end name="table_empty" viewId="/customer_table_empty.jsp"></end> -->

		<end name="load_data" viewId="/userslist_success.jsp"></end>
	</dialog>
	<dialog name="edit_dialog" start="edit_action">
		<action name="edit_action" method="#{registrationform.editMode(p)}">
			<transition outcome="success" target="edit_form" />
			<transition outcome="failure" target="failure_message" />
		</action>
		<view name="edit_form" viewId="/edit_user.jsp">
			<transition outcome="edit" target="update_action" />
			<transition outcome="back" target="success_message" />
			<transition outcome="customerslist" target="customerlist_action" />
			<transition outcome="logout" target="invalidate_session" />
		</view>
		<action name="update_action" method="#{registrationform.updateCustomer}">
			<transition outcome="success" target="success_message" />
			<transition outcome="failure" target="failure_message" />
		</action>
		<action name="invalidate_session" method="#{login.destroySession}">
			<transition outcome="success" target="logout_action" />
		</action>
		<end name="logout_action" viewId="/home_page.jsp" />
		<end name="success_message" viewId="/userslist_success.jsp"></end>
		<end name="customerlist_action" viewId="/userslist_success.jsp"></end>
	</dialog>
	<dialog name="delete_customer" start="delete_action">
		<action name="delete_action" method="#{registrationform.deleteCustomer(p)}">
			<transition outcome="no_data" target="table_empty" />
			<transition outcome="success" target="updated_table" />
		</action>
		<end name="table_empty" viewId="/customer_table_empty.jsp"></end>
		<end name="updated_table" viewId="/userslist_success.jsp"></end>
	</dialog>
	<dialog name="delete_customers" start="delete_action">
		<action name="delete_action" method="#{registrationform.deleteSelectedCustomers}">
			<transition outcome="no_data" target="table_empty" />
			<transition outcome="success" target="user_list" />
			<transition outcome="not_selected_checkbox" target="user_list"></transition>
		</action>
		<end name="table_empty" viewId="/customer_table_empty.jsp"></end>
		<end name="user_list" viewId="/userslist_success.jsp"></end>
	</dialog>

	<!-- Employee enrollment -->


	<dialog name="employee_list" start="list">


		<end name="list" viewId="/employees_summary.jsp"></end>
	</dialog>


	<dialog name="employee_enrollment_page" start="enroll_page">


		<view name="enroll_page" viewId="/employee_enrollment.jsp">

			<transition outcome="upload_file" target="upload_image"></transition>
			<transition outcome="enroll" target="enroll_employee" />
			<transition outcome="back" target="back_action" />
			<transition outcome="reset" target="reset_employee_details" />
			<transition outcome="employee_list" target="employeelist_back_action" />
			<transition outcome="customer_list" target="customerlist_back_action" />
			<transition outcome="logout" target="invalidate_session" />
			<transition outcome="change" target="change_photo" />



		</view>

		<action name="change_photo" method="#{employeeform.changeLinkToButton}">
			<transition outcome="success" target="enroll_page" />


		</action>

		<action name="upload_image" method="#{employeeform.uploadFile}">
			<transition outcome="success" target="enroll_page" />


		</action>


		<action name="enroll_employee" method="#{employeeform.enrollEmployee}">
			<transition outcome="success" target="enroll_page" />


		</action>
		<action name="reset_employee_details" method="#{employeeform.resetEmployeeDetails}">
			<transition outcome="success" target="enroll_page" />


		</action>
		<action name="invalidate_session" method="#{login.destroySession}">
			<transition outcome="success" target="logout" />
		</action>
		<action name="back_action" method="#{employeeform.resetEmployeeDetails}">
			<transition outcome="success" target="employee_summary" />
		</action>

		<action name="employeelist_back_action" method="#{employeeform.resetEmployeeDetails}">
			<transition outcome="success" target="employee_summary" />
		</action>

		<action name="customerlist_back_action" method="#{employeeform.resetEmployeeDetails}">
			<transition outcome="success" target="customer_list" />
		</action>


		<end name="employee_summary" viewId="/employees_summary.jsp"></end>
		<end name="customer_list" viewId="/userslist_success.jsp"></end>
		<end name="logout" viewId="/home_page.jsp"></end>
	</dialog>

	<dialog name="setEditEmployee" start="setData">
		<action name="setData" method="#{employeeform.setEmployee(t)}">
			<transition outcome="success" target="edit_form" />
			<transition outcome="failure" target="failure_message" />
		</action>


		<view name="edit_form" viewId="/edit_employee.jsp">
			<transition outcome="edit" target="update_employee" />
			<transition outcome="back" target="back_action" />
			<transition outcome="reset" target="reset_employee_details" />
			<transition outcome="employee_list" target="employeelist_back_action" />
			<transition outcome="customer_list" target="customerlist_back_action" />
			<transition outcome="logout" target="invalidate_session" />
			<transition outcome="upload_file" target="upload_image" />

		</view>

		<action name="back_action" method="#{employeeform.resetEmployeeDetails}">
			<transition outcome="success" target="employee_summary" />
		</action>

		<action name="employeelist_back_action" method="#{employeeform.resetEmployeeDetails}">
			<transition outcome="success" target="employee_summary" />
		</action>


		<action name="customerlist_back_action" method="#{employeeform.resetEmployeeDetails}">
			<transition outcome="success" target="customer_list" />
		</action>

		<action name="upload_image" method="#{employeeform.uploadFile}">
			<transition outcome="success" target="edit_form" />


		</action>


		<action name="reset_employee_details" method="#{employeeform.resetEditableEmployeeDetails}">
			<transition outcome="success" target="edit_form" />
			<!-- <transition outcome="failure" target="failure_message" /> -->

		</action>


		<action name="update_employee" method="#{employeeform.updateEmployee}">
			<transition outcome="success" target="edit_form" />
			<transition outcome="failure" target="failure_message" />

		</action>

		<action name="invalidate_session" method="#{login.destroySession}">
			<transition outcome="success" target="logout" />
		</action>


		<end name="success_message" viewId="/employees_summary.jsp"></end>
		<end name="employee_summary" viewId="/employees_summary.jsp"></end>
		<end name="failure_message" viewId="/edit_employee.jsp"></end>
		<end name="customer_list" viewId="/userslist_success.jsp"></end>
		<end name="logout" viewId="/home_page.jsp"></end>


	</dialog>

	<dialog name="promotion_history" start="promotion_details">

		<action name="promotion_details" method="#{employeesummary.retrievePromotionList(t)}">
			<transition outcome="success" target="employee_summary" />
		</action>
		<end name="employee_summary" viewId="/employees_summary.jsp"></end>
	</dialog>




</dialogs>