<?xml version="1.0" encoding="UTF-8"?>
<faces-config
   xmlns = "http://java.sun.com/xml/ns/javaee"
   xmlns:xsi = "http://www.w3.org/2001/XMLSchema-instance"
   xsi:schemaLocation = "http://java.sun.com/xml/ns/javaee 
   http://java.sun.com/xml/ns/javaee/web-facesconfig_2_1.xsd"
   version = "2.1">
    <application>
    <el-resolver>
        org.springframework.web.jsf.el.SpringBeanFacesELResolver
    </el-resolver>
   <locale-config>
      <default-locale>en</default-locale>
      <supported-locale>sv</supported-locale>
   </locale-config>
   <resource-bundle>
      <base-name>messages</base-name>
      <var>msg</var>
   </resource-bundle>
</application>
    <managed-bean>
      <managed-bean-name>registrationform</managed-bean-name>
      <managed-bean-class>com.jsf.shale.User</managed-bean-class>
      <managed-bean-scope>session</managed-bean-scope>
     <managed-property>
         <property-name>registrationService</property-name>
         <value>#{registrationService}</value>
      </managed-property> 
   </managed-bean> 
    <managed-bean>
      <managed-bean-name>login</managed-bean-name>
      <managed-bean-class>com.jsf.shale.Login</managed-bean-class>
      <managed-bean-scope>session</managed-bean-scope>
     <managed-property>
         <property-name>registrationService</property-name>
         <value>#{registrationService}</value>
      </managed-property>
   </managed-bean>
   
   <managed-bean>
      <managed-bean-name>employeeform</managed-bean-name>
      <managed-bean-class>com.jsf.shale.EmployeeEnrollment</managed-bean-class>
      <managed-bean-scope>session</managed-bean-scope>
      <managed-property>
         <property-name>employeeService</property-name>
         <value>#{employeeService}</value>
      </managed-property> 
   </managed-bean> 
   
    <managed-bean>
      <managed-bean-name>employeesummary</managed-bean-name>
      <managed-bean-class>com.jsf.shale.EmployeeSummary</managed-bean-class>
      <managed-bean-scope>session</managed-bean-scope>
       <managed-property>
         <property-name>employeeService</property-name>
         <value>#{employeeService}</value>
      </managed-property>
   </managed-bean> 
   
    
    <managed-bean>
      <managed-bean-name>i18nMsg</managed-bean-name>
      <managed-bean-class>com.jsf.shale.InternationalizationMessages</managed-bean-class>
      <managed-bean-scope>session</managed-bean-scope>
  </managed-bean> 
   <validator>
        <validator-id>emailvalidator</validator-id>
        <validator-class>com.jsf.shale.validators.EmailValidator</validator-class>
    </validator>
     <validator>
        <validator-id>mobilevalidator</validator-id>
        <validator-class>com.jsf.shale.validators.MobileValidator</validator-class>
    </validator>
     <validator>
        <validator-id>namevalidator</validator-id>
        <validator-class>com.jsf.shale.validators.NameValidator</validator-class>
    </validator>
    
    
    
    
    
     <validator>
        <validator-id>departmentValidator</validator-id>
        <validator-class>com.jsf.shale.validators.DepartmentValidator</validator-class>
    </validator>
     <validator>
        <validator-id>designationValidator</validator-id>
        <validator-class>com.jsf.shale.validators.DesignationValidator</validator-class>
    </validator>
     <validator>
        <validator-id>locationValidator</validator-id>
        <validator-class>com.jsf.shale.validators.LocationValidator</validator-class>
    </validator>
     <validator>
        <validator-id>primarySkillValidator</validator-id>
        <validator-class>com.jsf.shale.validators.PrimarySkillValidator</validator-class>
    </validator>
     <validator>
        <validator-id>reportToValidator</validator-id>
        <validator-class>com.jsf.shale.validators.ReportingToValidator</validator-class>
    </validator>
    <validator>
        <validator-id>dateValidator</validator-id>
        <validator-class>com.jsf.shale.validators.DateValidator</validator-class>
    </validator>
    <validator>
        <validator-id>dateOfJoiningValidator</validator-id>
        <validator-class>com.jsf.shale.validators.DateOfJoiningValidator</validator-class>
    </validator>
    <validator>
        <validator-id>startDateValidator</validator-id>
        <validator-class>com.jsf.shale.validators.StartDateValidator</validator-class>
    </validator>
    <validator>
        <validator-id>endDateValidator</validator-id>
        <validator-class>com.jsf.shale.validators.EndDateValidator</validator-class>
    </validator>
     <validator>
        <validator-id>dateOfBirthValidator</validator-id>
        <validator-class>com.jsf.shale.validators.DateOfBirthValidator</validator-class>
    </validator>
    <validator>
        <validator-id>fileUploadValidator</validator-id>
        <validator-class>com.jsf.shale.validators.FileUploadValidator</validator-class>
    </validator>
    
    
    
     
 </faces-config>